"idLeitura";"fkMaquina";"sistemaOperacional";"cpuMedia";"qtdProcessador";"ramTotal";"ramUso";"ramUsoPercent";"discoTotal";"discoUso";"discoLivre";"discoPercent";"dataHora"
1;50000;"NFTS";22;8;8.37;6.73;80;488.1;168.95;319.14;34.6;"2022-10-18 18:35:01"
2;50000;"NFTS";4;8;8.37;6.71;80;488.1;168.95;319.14;34.6;"2022-10-18 18:35:11"
3;50000;"NFTS";5;8;8.37;6.68;80;488.1;168.95;319.14;34.6;"2022-10-18 18:35:22"
4;50000;"NFTS";2;8;8.37;6.44;77;488.1;168.95;319.14;34.6;"2022-10-18 18:35:32"
5;50000;"NFTS";0;8;8.37;6.44;77;488.1;168.95;319.14;34.6;"2022-10-18 18:35:42"
6;50000;"NFTS";4;8;8.37;6.43;77;488.1;168.95;319.14;34.6;"2022-10-18 18:35:52"
7;50000;"NFTS";47;8;8.37;7.28;87;488.1;168.96;319.14;34.6;"2022-10-18 18:36:02"
8;50000;"NFTS";9;8;8.37;7.32;88;488.1;168.94;319.15;34.6;"2022-10-18 18:36:12"
9;50000;"NFTS";7;8;8.37;7.32;87;488.1;168.94;319.15;34.6;"2022-10-18 18:36:22"
10;50000;"NFTS";18;8;8.37;7.32;87;488.1;168.94;319.15;34.6;"2022-10-18 18:36:32"
11;50000;"NFTS";13;8;8.37;7.32;87;488.1;168.94;319.15;34.6;"2022-10-18 18:36:42"
12;50000;"NFTS";11;8;8.37;7.23;86;488.1;168.94;319.15;34.6;"2022-10-18 18:36:52"
13;50000;"NFTS";14;8;8.37;7.25;87;488.1;168.94;319.15;34.6;"2022-10-18 18:37:02"
14;50000;"NFTS";13;8;8.37;7.24;87;488.1;168.94;319.15;34.6;"2022-10-18 18:37:12"
15;50000;"NFTS";67;8;8.37;7.84;94;488.1;168.96;319.14;34.6;"2022-10-18 18:37:22"
16;50000;"NFTS";84;8;8.37;7.82;93;488.1;168.97;319.12;34.6;"2022-10-18 18:37:32"
17;50000;"NFTS";75;8;8.37;7.66;92;488.1;168.99;319.1;34.6;"2022-10-18 18:37:42"
18;50000;"NFTS";72;8;8.37;7.29;87;488.1;168.99;319.1;34.6;"2022-10-18 18:37:52"
19;50000;"NFTS";89;8;8.37;7.32;87;488.1;169.04;319.05;34.6;"2022-10-18 18:38:02"
20;50000;"NFTS";79;8;8.37;7.33;88;488.1;169.01;319.08;34.6;"2022-10-18 18:38:12"
21;50000;"NFTS";75;8;8.37;7.44;89;488.1;169.01;319.08;34.6;"2022-10-18 18:38:22"
22;50000;"NFTS";75;8;8.37;7.4;88;488.1;169.01;319.08;34.6;"2022-10-18 18:38:32"
23;50000;"NFTS";77;8;8.37;7.44;89;488.1;169.02;319.08;34.6;"2022-10-18 18:38:42"
24;50000;"NFTS";76;8;8.37;7.42;89;488.1;169.02;319.07;34.6;"2022-10-18 18:38:52"
25;50000;"NFTS";77;8;8.37;7.49;89;488.1;169.02;319.07;34.6;"2022-10-18 18:39:02"
26;50000;"NFTS";76;8;8.37;7.51;90;488.1;169.02;319.07;34.6;"2022-10-18 18:39:12"
27;50000;"NFTS";77;8;8.37;7.54;90;488.1;169.02;319.07;34.6;"2022-10-18 18:39:22"
28;50000;"NFTS";76;8;8.37;7.54;90;488.1;169.02;319.07;34.6;"2022-10-18 18:39:32"
29;50000;"NFTS";76;8;8.37;7.56;90;488.1;169.02;319.07;34.6;"2022-10-18 18:39:42"
30;50000;"NFTS";76;8;8.37;7.59;91;488.1;169.02;319.07;34.6;"2022-10-18 18:39:52"
31;50000;"NFTS";77;8;8.37;7.61;91;488.1;169.02;319.07;34.6;"2022-10-18 18:40:02"
32;50000;"NFTS";77;8;8.37;7.51;90;488.1;169.02;319.07;34.6;"2022-10-18 18:40:12"
33;50000;"NFTS";75;8;8.37;7.53;90;488.1;169.03;319.07;34.6;"2022-10-18 18:40:22"
34;50000;"NFTS";72;8;8.37;7.55;90;488.1;169.02;319.07;34.6;"2022-10-18 18:40:33"
35;50000;"NFTS";74;8;8.37;7.55;90;488.1;169.02;319.07;34.6;"2022-10-18 18:40:43"
36;50000;"NFTS";75;8;8.37;7.53;90;488.1;169.02;319.07;34.6;"2022-10-18 18:40:53"
37;50000;"NFTS";79;8;8.37;7.85;94;488.1;169.02;319.07;34.6;"2022-10-18 18:41:03"
38;50000;"NFTS";76;8;8.37;7.64;91;488.1;169.02;319.07;34.6;"2022-10-18 18:41:13"
39;50000;"NFTS";75;8;8.37;7.69;92;488.1;169.02;319.08;34.6;"2022-10-18 18:41:23"
40;50000;"NFTS";78;8;8.37;7.78;93;488.1;169.02;319.08;34.6;"2022-10-18 18:41:33"
41;50000;"NFTS";76;8;8.37;7.72;92;488.1;169.02;319.07;34.6;"2022-10-18 18:41:43"
42;50000;"NFTS";78;8;8.37;7.71;92;488.1;169.02;319.07;34.6;"2022-10-18 18:41:53"
43;50000;"NFTS";82;8;8.37;7.79;93;488.1;169.02;319.07;34.6;"2022-10-18 18:42:03"
44;50000;"NFTS";82;8;8.37;7.85;94;488.1;169.06;319.03;34.6;"2022-10-18 18:42:13"
45;50000;"NFTS";76;8;8.37;7.8;93;488.1;169.3;318.8;34.7;"2022-10-18 18:42:23"
46;50000;"NFTS";81;8;8.37;7.65;91;488.1;169.3;318.8;34.7;"2022-10-18 18:42:33"
47;50000;"NFTS";79;8;8.37;7.68;92;488.1;169.3;318.79;34.7;"2022-10-18 18:42:43"
48;50000;"NFTS";76;8;8.37;7.67;92;488.1;169.3;318.79;34.7;"2022-10-18 18:42:53"
49;50000;"NFTS";76;8;8.37;7.71;92;488.1;169.3;318.79;34.7;"2022-10-18 18:43:03"
50;50000;"NFTS";77;8;8.37;7.67;92;488.1;169.3;318.79;34.7;"2022-10-18 18:43:13"
51;50000;"NFTS";78;8;8.37;7.71;92;488.1;169.3;318.79;34.7;"2022-10-18 18:43:23"
52;50000;"NFTS";77;8;8.37;7.8;93;488.1;169.3;318.79;34.7;"2022-10-18 18:43:33"
53;50000;"NFTS";79;8;8.37;7.75;93;488.1;169.3;318.8;34.7;"2022-10-18 18:43:43"
54;50000;"NFTS";78;8;8.37;7.83;94;488.1;169.3;318.8;34.7;"2022-10-18 18:43:53"
55;50000;"NFTS";76;8;8.37;7.87;94;488.1;169.3;318.8;34.7;"2022-10-18 18:44:03"
56;50000;"NFTS";75;8;8.37;7.86;94;488.1;169.3;318.8;34.7;"2022-10-18 18:44:13"
57;50000;"NFTS";75;8;8.37;7.84;94;488.1;169.3;318.8;34.7;"2022-10-18 18:44:23"
58;50000;"NFTS";77;8;8.37;7.86;94;488.1;169.3;318.8;34.7;"2022-10-18 18:44:33"
59;50000;"NFTS";77;8;8.37;7.81;93;488.1;169.3;318.8;34.7;"2022-10-18 18:44:43"
60;50000;"NFTS";75;8;8.37;7.83;94;488.1;169.3;318.8;34.7;"2022-10-18 18:44:53"
61;50000;"NFTS";76;8;8.37;7.83;94;488.1;169.3;318.8;34.7;"2022-10-18 18:45:03"
62;50000;"NFTS";74;8;8.37;7.85;94;488.1;169.3;318.8;34.7;"2022-10-18 18:45:13"
63;50000;"NFTS";75;8;8.37;7.81;93;488.1;169.3;318.8;34.7;"2022-10-18 18:45:23"
64;50000;"NFTS";76;8;8.37;7.87;94;488.1;169.3;318.8;34.7;"2022-10-18 18:45:33"
65;50000;"NFTS";83;8;8.37;7.9;94;488.1;169.3;318.79;34.7;"2022-10-18 18:45:43"
66;50000;"NFTS";82;8;8.37;7.83;94;488.1;169.3;318.79;34.7;"2022-10-18 18:45:53"
67;50000;"NFTS";79;8;8.37;7.89;94;488.1;169.3;318.79;34.7;"2022-10-18 18:46:03"
68;50000;"NFTS";78;8;8.37;7.84;94;488.1;169.3;318.79;34.7;"2022-10-18 18:46:13"
69;50000;"NFTS";82;8;8.37;7.73;92;488.1;169.3;318.79;34.7;"2022-10-18 18:46:23"
70;50000;"NFTS";78;8;8.37;7.72;92;488.1;169.3;318.79;34.7;"2022-10-18 18:46:34"
71;50000;"NFTS";76;8;8.37;7.76;93;488.1;169.3;318.79;34.7;"2022-10-18 18:46:44"
72;50000;"NFTS";76;8;8.37;7.75;93;488.1;169.3;318.79;34.7;"2022-10-18 18:46:54"
73;50000;"NFTS";77;8;8.37;7.74;92;488.1;169.3;318.79;34.7;"2022-10-18 18:47:04"
74;50000;"NFTS";77;8;8.37;7.72;92;488.1;169.3;318.79;34.7;"2022-10-18 18:47:14"
75;50000;"NFTS";76;8;8.37;7.76;93;488.1;169.3;318.79;34.7;"2022-10-18 18:47:24"
76;50000;"NFTS";75;8;8.37;7.76;93;488.1;169.3;318.79;34.7;"2022-10-18 18:47:34"
77;50000;"NFTS";76;8;8.37;7.79;93;488.1;169.3;318.79;34.7;"2022-10-18 18:47:44"
78;50000;"NFTS";77;8;8.37;7.71;92;488.1;169.3;318.79;34.7;"2022-10-18 18:47:54"
79;50000;"NFTS";77;8;8.37;7.69;92;488.1;169.3;318.79;34.7;"2022-10-18 18:48:04"
80;50000;"NFTS";77;8;8.37;7.66;92;488.1;169.3;318.79;34.7;"2022-10-18 18:48:14"
81;50000;"NFTS";77;8;8.37;7.65;91;488.1;169.3;318.79;34.7;"2022-10-18 18:48:24"
82;50000;"NFTS";76;8;8.37;7.66;92;488.1;169.3;318.79;34.7;"2022-10-18 18:48:34"
83;50000;"NFTS";77;8;8.37;7.59;91;488.1;169.3;318.79;34.7;"2022-10-18 18:48:44"
84;50000;"NFTS";78;8;8.37;7.71;92;488.1;169.3;318.79;34.7;"2022-10-18 18:48:54"
85;50000;"NFTS";78;8;8.37;7.73;92;488.1;169.3;318.79;34.7;"2022-10-18 18:49:04"
86;50000;"NFTS";79;8;8.37;7.65;91;488.1;169.3;318.79;34.7;"2022-10-18 18:49:14"
87;50000;"NFTS";78;8;8.37;7.66;92;488.1;169.3;318.79;34.7;"2022-10-18 18:49:24"
88;50000;"NFTS";79;8;8.37;7.53;90;488.1;169.3;318.79;34.7;"2022-10-18 18:49:34"
89;50000;"NFTS";77;8;8.37;7.52;90;488.1;169.31;318.79;34.7;"2022-10-18 18:49:44"
90;50000;"NFTS";75;8;8.37;7.47;89;488.1;169.3;318.79;34.7;"2022-10-18 18:49:54"
91;50000;"NFTS";77;8;8.37;7.49;90;488.1;169.3;318.79;34.7;"2022-10-18 18:50:04"
92;50000;"NFTS";77;8;8.37;7.47;89;488.1;169.3;318.79;34.7;"2022-10-18 18:50:14"
93;50000;"NFTS";75;8;8.37;7.52;90;488.1;169.3;318.79;34.7;"2022-10-18 18:50:24"
94;50000;"NFTS";72;8;8.37;7.49;90;488.1;169.3;318.79;34.7;"2022-10-18 18:50:34"
95;50000;"NFTS";75;8;8.37;7.47;89;488.1;169.3;318.79;34.7;"2022-10-18 18:50:44"
96;50000;"NFTS";78;8;8.37;7.48;89;488.1;169.3;318.79;34.7;"2022-10-18 18:50:54"
97;50000;"NFTS";75;8;8.37;7.45;89;488.1;169.3;318.79;34.7;"2022-10-18 18:51:04"
98;50000;"NFTS";76;8;8.37;7.47;89;488.1;169.3;318.79;34.7;"2022-10-18 18:51:14"
99;50000;"NFTS";79;8;8.37;7.47;89;488.1;169.3;318.79;34.7;"2022-10-18 18:51:24"
100;50000;"NFTS";78;8;8.37;7.48;89;488.1;169.3;318.79;34.7;"2022-10-18 18:51:35"
101;50000;"NFTS";79;8;8.37;7.55;90;488.1;169.3;318.79;34.7;"2022-10-18 18:51:45"
102;50000;"NFTS";75;8;8.37;7.54;90;488.1;169.3;318.79;34.7;"2022-10-18 18:51:55"
103;50000;"NFTS";78;8;8.37;7.57;90;488.1;169.3;318.79;34.7;"2022-10-18 18:52:05"
104;50000;"NFTS";77;8;8.37;7.6;91;488.1;169.3;318.79;34.7;"2022-10-18 18:52:15"
105;50000;"NFTS";77;8;8.37;7.58;91;488.1;169.3;318.79;34.7;"2022-10-18 18:52:25"
106;50000;"NFTS";79;8;8.37;7.62;91;488.1;169.32;318.77;34.7;"2022-10-18 18:52:35"
107;50000;"NFTS";69;8;8.37;7.6;91;488.1;169.33;318.76;34.7;"2022-10-18 18:52:45"
108;50000;"NFTS";75;8;8.37;7.26;87;488.1;169.33;318.76;34.7;"2022-10-18 18:52:55"
109;50000;"NFTS";73;8;8.37;7.28;87;488.1;169.33;318.76;34.7;"2022-10-18 18:53:05"
110;50000;"NFTS";73;8;8.37;7.3;87;488.1;169.33;318.76;34.7;"2022-10-18 18:53:15"
111;50000;"NFTS";72;8;8.37;7.34;88;488.1;169.33;318.76;34.7;"2022-10-18 18:53:25"
112;50000;"NFTS";74;8;8.37;7.39;88;488.1;169.33;318.76;34.7;"2022-10-18 18:53:35"
113;50000;"NFTS";76;8;8.37;7.39;88;488.1;169.33;318.76;34.7;"2022-10-18 18:53:45"
114;50000;"NFTS";76;8;8.37;7.42;89;488.1;169.33;318.76;34.7;"2022-10-18 18:53:55"
115;50000;"NFTS";75;8;8.37;7.46;89;488.1;169.33;318.76;34.7;"2022-10-18 18:54:05"
116;50000;"NFTS";72;8;8.37;7.45;89;488.1;169.33;318.77;34.7;"2022-10-18 18:54:15"
117;50000;"NFTS";72;8;8.37;7.46;89;488.1;169.33;318.77;34.7;"2022-10-18 18:54:25"
118;50000;"NFTS";81;8;8.37;7.63;91;488.1;169.33;318.77;34.7;"2022-10-18 18:54:35"
119;50000;"NFTS";82;8;8.37;7.77;93;488.1;169.36;318.73;34.7;"2022-10-18 18:54:45"
120;50000;"NFTS";68;8;8.37;7.84;94;488.1;169.36;318.73;34.7;"2022-10-18 18:54:55"
121;50000;"NFTS";65;8;8.37;7.76;93;488.1;169.36;318.73;34.7;"2022-10-18 18:55:05"
122;50000;"NFTS";70;8;8.37;7.75;93;488.1;169.36;318.73;34.7;"2022-10-18 18:55:15"
123;50000;"NFTS";69;8;8.37;7.81;93;488.1;169.36;318.73;34.7;"2022-10-18 18:55:25"
124;50000;"NFTS";73;8;8.37;7.81;93;488.1;169.36;318.73;34.7;"2022-10-18 18:55:35"
125;50000;"NFTS";68;8;8.37;7.79;93;488.1;169.36;318.73;34.7;"2022-10-18 18:55:45"
126;50000;"NFTS";65;8;8.37;7.81;93;488.1;169.36;318.73;34.7;"2022-10-18 18:55:55"
127;50000;"NFTS";67;8;8.37;7.84;94;488.1;169.36;318.73;34.7;"2022-10-18 18:56:05"
128;50000;"NFTS";66;8;8.37;7.85;94;488.1;169.36;318.73;34.7;"2022-10-18 18:56:15"
129;50000;"NFTS";67;8;8.37;7.83;94;488.1;169.36;318.73;34.7;"2022-10-18 18:56:25"
130;50000;"NFTS";66;8;8.37;7.81;93;488.1;169.36;318.73;34.7;"2022-10-18 18:56:35"
131;50000;"NFTS";67;8;8.37;7.8;93;488.1;169.36;318.73;34.7;"2022-10-18 18:56:45"
132;50000;"NFTS";60;8;8.37;7.79;93;488.1;169.36;318.73;34.7;"2022-10-18 18:56:55"
133;50000;"NFTS";61;8;8.37;7.8;93;488.1;169.36;318.73;34.7;"2022-10-18 18:57:06"
134;50000;"NFTS";60;8;8.37;7.77;93;488.1;169.36;318.73;34.7;"2022-10-18 18:57:16"
135;50000;"NFTS";66;8;8.37;7.78;93;488.1;169.36;318.73;34.7;"2022-10-18 18:57:26"
136;50000;"NFTS";71;8;8.37;7.67;92;488.1;169.36;318.74;34.7;"2022-10-18 18:57:36"
137;50000;"NFTS";65;8;8.37;7.63;91;488.1;169.36;318.74;34.7;"2022-10-18 18:57:46"
138;50000;"NFTS";68;8;8.37;7.3;87;488.1;169.36;318.74;34.7;"2022-10-18 18:57:56"
139;50000;"NFTS";69;8;8.37;7.31;87;488.1;169.36;318.74;34.7;"2022-10-18 18:58:06"
140;50000;"NFTS";66;8;8.37;7.32;87;488.1;169.36;318.74;34.7;"2022-10-18 18:58:16"
141;50000;"NFTS";65;8;8.37;7.4;88;488.1;169.36;318.74;34.7;"2022-10-18 18:58:26"
142;50000;"NFTS";66;8;8.37;7.39;88;488.1;169.36;318.74;34.7;"2022-10-18 18:58:36"
143;50000;"NFTS";77;8;8.37;7.45;89;488.1;169.36;318.74;34.7;"2022-10-18 18:58:46"
144;50000;"NFTS";70;8;8.37;7.42;89;488.1;169.36;318.74;34.7;"2022-10-18 18:58:56"
145;50000;"NFTS";67;8;8.37;7.49;89;488.1;169.36;318.74;34.7;"2022-10-18 18:59:06"
146;50000;"NFTS";63;8;8.37;7.51;90;488.1;169.36;318.74;34.7;"2022-10-18 18:59:16"
147;50000;"NFTS";63;8;8.37;7.47;89;488.1;169.36;318.74;34.7;"2022-10-18 18:59:26"
148;50000;"NFTS";66;8;8.37;7.49;89;488.1;169.36;318.74;34.7;"2022-10-18 18:59:36"
149;50000;"NFTS";67;8;8.37;7.41;89;488.1;169.36;318.74;34.7;"2022-10-18 18:59:46"
150;50000;"NFTS";67;8;8.37;7.46;89;488.1;169.36;318.74;34.7;"2022-10-18 18:59:56"
151;50000;"NFTS";64;8;8.37;7.38;88;488.1;169.36;318.74;34.7;"2022-10-18 19:00:06"
152;50000;"NFTS";71;8;8.37;7.57;90;488.1;169.36;318.73;34.7;"2022-10-18 19:00:16"
153;50000;"NFTS";76;8;8.37;7.6;91;488.1;169.58;318.52;34.7;"2022-10-18 19:00:26"
154;50000;"NFTS";82;8;8.37;7.38;88;488.1;169.6;318.5;34.7;"2022-10-18 19:00:36"
155;50000;"NFTS";80;8;8.37;7.4;88;488.1;169.7;318.4;34.8;"2022-10-18 19:00:46"
156;50000;"NFTS";88;8;8.37;7.51;90;488.1;169.82;318.28;34.8;"2022-10-18 19:00:56"
157;50000;"NFTS";83;8;8.37;7.49;89;488.1;169.75;318.35;34.8;"2022-10-18 19:01:06"
158;50000;"NFTS";12;8;8.37;7.41;89;488.1;169.64;318.45;34.8;"2022-10-18 19:01:16"
159;50000;"NFTS";6;8;8.37;7.47;89;488.1;169.64;318.45;34.8;"2022-10-18 19:01:26"
160;50000;"NFTS";3;8;8.37;7.45;89;488.1;169.64;318.45;34.8;"2022-10-18 19:01:36"
161;50000;"NFTS";28;8;8.37;7.14;85;488.1;169.5;318.6;34.7;"2022-10-18 19:01:46"
162;50000;"NFTS";4;8;8.37;7.16;86;488.1;169.5;318.6;34.7;"2022-10-18 19:01:56"
163;50000;"NFTS";10;8;8.37;7.18;86;488.1;169.3;318.8;34.7;"2022-10-18 19:02:06"
164;50000;"NFTS";4;8;8.37;7.2;86;488.1;169.3;318.8;34.7;"2022-10-18 19:02:16"
165;50000;"NFTS";3;8;8.37;7.22;86;488.1;169.3;318.8;34.7;"2022-10-18 19:02:26"
166;50000;"NFTS";2;8;8.37;7.2;86;488.1;169.3;318.8;34.7;"2022-10-18 19:02:36"
167;50000;"NFTS";4;8;8.37;7.11;85;488.1;169.3;318.8;34.7;"2022-10-18 19:02:47"
168;50000;"NFTS";4;8;8.37;7.09;85;488.1;169.3;318.8;34.7;"2022-10-18 19:02:57"
169;50000;"NFTS";4;8;8.37;7.09;85;488.1;169.3;318.8;34.7;"2022-10-18 19:03:07"
170;50000;"NFTS";2;8;8.37;7.1;85;488.1;169.3;318.8;34.7;"2022-10-18 19:03:17"
171;50000;"NFTS";3;8;8.37;7.1;85;488.1;169.3;318.8;34.7;"2022-10-18 19:03:27"
172;50000;"NFTS";2;8;8.37;7.1;85;488.1;169.3;318.8;34.7;"2022-10-18 19:03:37"
173;50000;"NFTS";2;8;8.37;7.05;84;488.1;169.29;318.8;34.7;"2022-10-18 19:03:47"
174;50000;"NFTS";10;8;8.37;7.1;85;488.1;169.29;318.8;34.7;"2022-10-18 19:03:57"
175;50000;"NFTS";3;8;8.37;7.1;85;488.1;169.29;318.8;34.7;"2022-10-18 19:04:07"
176;50000;"NFTS";2;8;8.37;7.08;85;488.1;169.29;318.8;34.7;"2022-10-18 19:04:17"
177;50000;"NFTS";2;8;8.37;7.1;85;488.1;169.29;318.8;34.7;"2022-10-18 19:04:27"
178;50000;"NFTS";2;8;8.37;7.1;85;488.1;169.29;318.8;34.7;"2022-10-18 19:04:37"
179;50000;"NFTS";2;8;8.37;7.09;85;488.1;169.29;318.8;34.7;"2022-10-18 19:04:47"
180;50000;"NFTS";2;8;8.37;7.08;85;488.1;169.29;318.8;34.7;"2022-10-18 19:04:57"
181;50000;"NFTS";2;8;8.37;7.1;85;488.1;169.29;318.8;34.7;"2022-10-18 19:05:07"
182;50000;"NFTS";3;8;8.37;7.08;85;488.1;169.29;318.8;34.7;"2022-10-18 19:05:17"
183;50000;"NFTS";2;8;8.37;7.09;85;488.1;169.29;318.8;34.7;"2022-10-18 19:05:27"
184;50000;"NFTS";2;8;8.37;7.09;85;488.1;169.3;318.8;34.7;"2022-10-18 19:05:37"
185;50000;"NFTS";2;8;8.37;7.1;85;488.1;169.3;318.8;34.7;"2022-10-18 19:05:47"
186;50000;"NFTS";3;8;8.37;7.08;85;488.1;169.3;318.8;34.7;"2022-10-18 19:05:57"
187;50000;"NFTS";2;8;8.37;7.08;85;488.1;169.3;318.8;34.7;"2022-10-18 19:06:07"
188;50000;"NFTS";2;8;8.37;7.07;84;488.1;169.3;318.8;34.7;"2022-10-18 19:06:17"
189;50000;"NFTS";2;8;8.37;7.08;85;488.1;169.3;318.8;34.7;"2022-10-18 19:06:27"
190;50000;"NFTS";2;8;8.37;7.08;85;488.1;169.3;318.8;34.7;"2022-10-18 19:06:37"
191;50000;"NFTS";2;8;8.37;7.08;85;488.1;169.3;318.8;34.7;"2022-10-18 19:06:47"
192;50000;"NFTS";3;8;8.37;7.08;85;488.1;169.3;318.8;34.7;"2022-10-18 19:06:57"
193;50000;"NFTS";3;8;8.37;7.05;84;488.1;169.3;318.8;34.7;"2022-10-18 19:07:07"
194;50000;"NFTS";2;8;8.37;7.07;84;488.1;169.3;318.8;34.7;"2022-10-18 19:07:18"
195;50000;"NFTS";10;8;8.37;7.1;85;488.1;169.3;318.8;34.7;"2022-10-18 19:07:28"
196;50000;"NFTS";8;8;8.37;7.12;85;488.1;169.3;318.8;34.7;"2022-10-18 19:07:38"
197;50000;"NFTS";14;8;8.37;7.14;85;488.1;169.3;318.8;34.7;"2022-10-18 19:07:48"
198;50000;"NFTS";23;8;8.37;7.31;87;488.1;169.3;318.8;34.7;"2022-10-18 19:07:58"
199;50000;"NFTS";20;8;8.37;7.13;85;488.1;169.3;318.8;34.7;"2022-10-18 19:08:08"
200;50000;"NFTS";5;8;8.37;7.05;84;488.1;169.36;318.74;34.7;"2022-10-18 19:08:18"
201;50000;"NFTS";2;8;8.37;7.05;84;488.1;169.36;318.74;34.7;"2022-10-18 19:08:28"
202;50000;"NFTS";2;8;8.37;7.04;84;488.1;169.36;318.74;34.7;"2022-10-18 19:08:38"
203;50000;"NFTS";2;8;8.37;7.06;84;488.1;169.36;318.74;34.7;"2022-10-18 19:08:48"
204;50000;"NFTS";3;8;8.37;7.06;84;488.1;169.36;318.74;34.7;"2022-10-18 19:08:58"
205;50000;"NFTS";2;8;8.37;7.06;84;488.1;169.36;318.74;34.7;"2022-10-18 19:09:08"
206;50000;"NFTS";2;8;8.37;7.05;84;488.1;169.36;318.74;34.7;"2022-10-18 19:09:18"
207;50000;"NFTS";2;8;8.37;7.06;84;488.1;169.36;318.74;34.7;"2022-10-18 19:09:28"
208;50000;"NFTS";2;8;8.37;7.06;84;488.1;169.36;318.74;34.7;"2022-10-18 19:09:38"
209;50000;"NFTS";11;8;8.37;7.25;87;488.1;169.36;318.74;34.7;"2022-10-18 19:09:48"
210;50000;"NFTS";9;8;8.37;7.2;86;488.1;169.36;318.74;34.7;"2022-10-18 19:09:58"
211;50000;"NFTS";9;8;8.37;7.17;86;488.1;169.59;318.5;34.7;"2022-10-18 19:10:08"
212;50000;"NFTS";3;8;8.37;7.18;86;488.1;169.59;318.5;34.7;"2022-10-18 19:10:18"
213;50000;"NFTS";5;8;8.37;7.13;85;488.1;169.59;318.5;34.7;"2022-10-18 19:10:28"
214;50000;"NFTS";3;8;8.37;7.13;85;488.1;169.59;318.5;34.7;"2022-10-18 19:10:38"
215;50000;"NFTS";2;8;8.37;7.13;85;488.1;169.59;318.5;34.7;"2022-10-18 19:10:48"
216;50000;"NFTS";3;8;8.37;7.12;85;488.1;169.59;318.5;34.7;"2022-10-18 19:10:58"
217;50000;"NFTS";4;8;8.37;7.15;85;488.1;169.59;318.5;34.7;"2022-10-18 19:11:08"
218;50000;"NFTS";2;8;8.37;7.15;85;488.1;169.59;318.5;34.7;"2022-10-18 19:11:18"
219;50000;"NFTS";3;8;8.37;7.14;85;488.1;169.61;318.49;34.7;"2022-10-18 19:11:28"
220;50000;"NFTS";11;8;8.37;7.11;85;488.1;169.59;318.5;34.7;"2022-10-18 19:11:38"
221;50000;"NFTS";10;8;8.37;7.15;85;488.1;169.59;318.5;34.7;"2022-10-18 19:11:48"
222;50000;"NFTS";9;8;8.37;7.16;86;488.1;169.59;318.5;34.7;"2022-10-18 19:11:58"
223;50000;"NFTS";8;8;8.37;7.09;85;488.1;169.59;318.5;34.7;"2022-10-18 19:12:08"
224;50000;"NFTS";2;8;8.37;7.1;85;488.1;169.59;318.5;34.7;"2022-10-18 19:12:18"
225;50000;"NFTS";5;8;8.37;7.13;85;488.1;169.6;318.49;34.7;"2022-10-18 19:12:28"
226;50000;"NFTS";9;8;8.37;7.07;84;488.1;169.6;318.49;34.7;"2022-10-18 19:12:38"
227;50000;"NFTS";11;8;8.37;7.1;85;488.1;169.6;318.5;34.7;"2022-10-18 19:12:49"
228;50000;"NFTS";10;8;8.37;7.11;85;488.1;169.5;318.59;34.7;"2022-10-18 19:12:59"
229;50000;"NFTS";9;8;8.37;7.17;86;488.1;169.5;318.59;34.7;"2022-10-18 19:13:09"
230;50000;"NFTS";9;8;8.37;7.28;87;488.1;169.5;318.59;34.7;"2022-10-18 19:13:19"
231;50000;"NFTS";2;8;8.37;7.28;87;488.1;169.5;318.59;34.7;"2022-10-18 19:13:29"
232;50000;"NFTS";2;8;8.37;7.26;87;488.1;169.5;318.59;34.7;"2022-10-18 19:13:39"
233;50000;"NFTS";3;8;8.37;7.2;86;488.1;169.5;318.59;34.7;"2022-10-18 19:13:49"
234;50000;"NFTS";2;8;8.37;7.21;86;488.1;169.5;318.59;34.7;"2022-10-18 19:13:59"
235;50000;"NFTS";2;8;8.37;7.21;86;488.1;169.5;318.59;34.7;"2022-10-18 19:14:09"
236;50000;"NFTS";2;8;8.37;7.21;86;488.1;169.5;318.59;34.7;"2022-10-18 19:14:19"
237;50000;"NFTS";6;8;8.37;7.17;86;488.1;169.51;318.59;34.7;"2022-10-18 19:14:29"
238;50000;"NFTS";7;8;8.37;7.39;88;488.1;169.51;318.59;34.7;"2022-10-18 19:14:39"
239;50000;"NFTS";5;8;8.37;7.35;88;488.1;169.51;318.59;34.7;"2022-10-18 19:14:49"
240;50000;"NFTS";7;8;8.37;7.42;89;488.1;169.51;318.59;34.7;"2022-10-18 19:14:59"
241;50000;"NFTS";21;8;8.37;7.42;89;488.1;169.51;318.59;34.7;"2022-10-18 19:15:09"
242;50000;"NFTS";3;8;8.37;7.35;88;488.1;169.51;318.59;34.7;"2022-10-18 19:15:19"
243;50000;"NFTS";3;8;8.37;7.36;88;488.1;169.51;318.59;34.7;"2022-10-18 19:15:29"
244;50000;"NFTS";3;8;8.37;7.34;88;488.1;169.51;318.59;34.7;"2022-10-18 19:15:39"
245;50000;"NFTS";4;8;8.37;7.33;88;488.1;169.5;318.59;34.7;"2022-10-18 19:15:49"
246;50000;"NFTS";3;8;8.37;7.35;88;488.1;169.5;318.59;34.7;"2022-10-18 19:15:59"
247;50000;"NFTS";4;8;8.37;7.33;88;488.1;169.5;318.59;34.7;"2022-10-18 19:16:09"
248;50000;"NFTS";5;8;8.37;7.36;88;488.1;169.5;318.59;34.7;"2022-10-18 19:16:19"
249;50000;"NFTS";4;8;8.37;7.36;88;488.1;169.5;318.59;34.7;"2022-10-18 19:16:29"
250;50000;"NFTS";4;8;8.37;7.36;88;488.1;169.5;318.59;34.7;"2022-10-18 19:16:39"
251;50000;"NFTS";3;8;8.37;7.36;88;488.1;169.5;318.59;34.7;"2022-10-18 19:16:49"
252;50000;"NFTS";3;8;8.37;7.35;88;488.1;169.5;318.59;34.7;"2022-10-18 19:16:59"
253;50000;"NFTS";3;8;8.37;7.35;88;488.1;169.5;318.59;34.7;"2022-10-18 19:17:09"
254;50000;"NFTS";3;8;8.37;7.34;88;488.1;169.5;318.59;34.7;"2022-10-18 19:17:19"
255;50000;"NFTS";3;8;8.37;7.35;88;488.1;169.5;318.59;34.7;"2022-10-18 19:17:29"
256;50000;"NFTS";4;8;8.37;7.34;88;488.1;169.5;318.59;34.7;"2022-10-18 19:17:40"
257;50000;"NFTS";4;8;8.37;7.22;86;488.1;169.5;318.59;34.7;"2022-10-18 19:17:50"
258;50000;"NFTS";3;8;8.37;7.22;86;488.1;169.5;318.59;34.7;"2022-10-18 19:18:00"
259;50000;"NFTS";4;8;8.37;7.22;86;488.1;169.5;318.59;34.7;"2022-10-18 19:18:10"
260;50000;"NFTS";4;8;8.37;7.22;86;488.1;169.5;318.59;34.7;"2022-10-18 19:18:20"
261;50000;"NFTS";4;8;8.37;7.22;86;488.1;169.5;318.59;34.7;"2022-10-18 19:18:30"
262;50000;"NFTS";4;8;8.37;7.22;86;488.1;169.5;318.59;34.7;"2022-10-18 19:18:40"
263;50000;"NFTS";9;8;8.37;7.26;87;488.1;169.5;318.59;34.7;"2022-10-18 19:18:50"
264;50000;"NFTS";3;8;8.37;7.26;87;488.1;169.5;318.59;34.7;"2022-10-18 19:19:00"
265;50000;"NFTS";4;8;8.37;7.26;87;488.1;169.5;318.59;34.7;"2022-10-18 19:19:10"
266;50000;"NFTS";2;8;8.37;7.24;87;488.1;169.5;318.59;34.7;"2022-10-18 19:19:20"
267;50000;"NFTS";4;8;8.37;7.24;87;488.1;169.5;318.59;34.7;"2022-10-18 19:19:30"
268;50000;"NFTS";3;8;8.37;7.24;86;488.1;169.5;318.59;34.7;"2022-10-18 19:19:40"
269;50000;"NFTS";3;8;8.37;7.24;86;488.1;169.5;318.59;34.7;"2022-10-18 19:19:50"
270;50000;"NFTS";2;8;8.37;7.24;86;488.1;169.5;318.59;34.7;"2022-10-18 19:20:00"
271;50000;"NFTS";3;8;8.37;7.24;87;488.1;169.5;318.59;34.7;"2022-10-18 19:20:10"
272;50000;"NFTS";2;8;8.37;7.23;86;488.1;169.5;318.59;34.7;"2022-10-18 19:20:20"
273;50000;"NFTS";2;8;8.37;7.23;86;488.1;169.5;318.59;34.7;"2022-10-18 19:20:30"
274;50000;"NFTS";2;8;8.37;7.22;86;488.1;169.5;318.59;34.7;"2022-10-18 19:20:40"
275;50000;"NFTS";3;8;8.37;7.19;86;488.1;169.5;318.59;34.7;"2022-10-18 19:20:50"
276;50000;"NFTS";3;8;8.37;7.18;86;488.1;169.5;318.59;34.7;"2022-10-18 19:21:00"
277;50000;"NFTS";2;8;8.37;7.18;86;488.1;169.5;318.59;34.7;"2022-10-18 19:21:10"
278;50000;"NFTS";3;8;8.37;7.17;86;488.1;169.5;318.59;34.7;"2022-10-18 19:21:20"
279;50000;"NFTS";22;8;8.37;7.66;92;488.1;169.51;318.59;34.7;"2022-10-18 19:21:30"
280;50000;"NFTS";10;8;8.37;7.42;89;488.1;169.52;318.58;34.7;"2022-10-18 19:21:40"
281;50000;"NFTS";4;8;8.37;7.36;88;488.1;169.52;318.58;34.7;"2022-10-18 19:21:50"
282;50000;"NFTS";9;8;8.37;7.6;91;488.1;169.52;318.58;34.7;"2022-10-18 19:22:00"
283;50000;"NFTS";3;8;8.37;7.42;89;488.1;169.52;318.58;34.7;"2022-10-18 19:22:10"
284;50000;"NFTS";3;8;8.37;7.38;88;488.1;169.52;318.58;34.7;"2022-10-18 19:22:20"
285;50000;"NFTS";2;8;8.37;7.23;86;488.1;169.52;318.58;34.7;"2022-10-18 19:22:30"
286;50000;"NFTS";3;8;8.37;7.21;86;488.1;169.52;318.58;34.7;"2022-10-18 19:22:41"
287;50000;"NFTS";5;8;8.37;7.14;85;488.1;169.52;318.58;34.7;"2022-10-18 19:22:51"
288;50000;"NFTS";3;8;8.37;7.11;85;488.1;169.52;318.58;34.7;"2022-10-18 19:23:01"
289;50000;"NFTS";3;8;8.37;7.11;85;488.1;169.52;318.58;34.7;"2022-10-18 19:23:11"
290;50000;"NFTS";2;8;8.37;7.11;85;488.1;169.52;318.58;34.7;"2022-10-18 19:23:21"
291;50000;"NFTS";3;8;8.37;7.1;85;488.1;169.52;318.58;34.7;"2022-10-18 19:23:31"
292;50000;"NFTS";4;8;8.37;7.18;86;488.1;169.52;318.58;34.7;"2022-10-18 19:23:41"
293;50000;"NFTS";3;8;8.37;7.19;86;488.1;169.52;318.58;34.7;"2022-10-18 19:23:51"
294;50000;"NFTS";2;8;8.37;7.19;86;488.1;169.52;318.58;34.7;"2022-10-18 19:24:01"
295;50000;"NFTS";3;8;8.37;7.19;86;488.1;169.52;318.58;34.7;"2022-10-18 19:24:11"
296;50000;"NFTS";2;8;8.37;7.19;86;488.1;169.52;318.58;34.7;"2022-10-18 19:24:21"
297;50000;"NFTS";3;8;8.37;7.19;86;488.1;169.52;318.58;34.7;"2022-10-18 19:24:31"
298;50000;"NFTS";2;8;8.37;7.15;85;488.1;169.52;318.58;34.7;"2022-10-18 19:24:41"
299;50000;"NFTS";2;8;8.37;7.15;85;488.1;169.52;318.58;34.7;"2022-10-18 19:24:51"
300;50000;"NFTS";3;8;8.37;7.16;86;488.1;169.52;318.58;34.7;"2022-10-18 19:25:01"
301;50000;"NFTS";3;8;8.37;7.16;86;488.1;169.52;318.58;34.7;"2022-10-18 19:25:11"
302;50000;"NFTS";4;8;8.37;7.07;85;488.1;169.52;318.58;34.7;"2022-10-18 19:25:21"
303;50000;"NFTS";3;8;8.37;7.08;85;488.1;169.52;318.58;34.7;"2022-10-18 19:25:31"
304;50000;"NFTS";3;8;8.37;7.04;84;488.1;169.52;318.58;34.7;"2022-10-18 19:25:41"
305;50000;"NFTS";3;8;8.37;7.04;84;488.1;169.52;318.58;34.7;"2022-10-18 19:25:51"
306;50000;"NFTS";6;8;8.37;7.13;85;488.1;169.52;318.58;34.7;"2022-10-18 19:26:01"
307;50000;"NFTS";3;8;8.37;7.13;85;488.1;169.52;318.58;34.7;"2022-10-18 19:26:11"
308;50000;"NFTS";3;8;8.37;7.13;85;488.1;169.52;318.58;34.7;"2022-10-18 19:26:21"
309;50000;"NFTS";2;8;8.37;7.12;85;488.1;169.52;318.58;34.7;"2022-10-18 19:26:31"
310;50000;"NFTS";3;8;8.37;7.01;84;488.1;169.52;318.58;34.7;"2022-10-18 19:26:41"
311;50000;"NFTS";3;8;8.37;6.99;84;488.1;169.52;318.58;34.7;"2022-10-18 19:26:51"
312;50000;"NFTS";3;8;8.37;7.0;84;488.1;169.52;318.58;34.7;"2022-10-18 19:27:01"
313;50000;"NFTS";3;8;8.37;7.0;84;488.1;169.52;318.58;34.7;"2022-10-18 19:27:11"
314;50000;"NFTS";2;8;8.37;7.0;84;488.1;169.52;318.58;34.7;"2022-10-18 19:27:21"
315;50000;"NFTS";3;8;8.37;7.0;84;488.1;169.52;318.58;34.7;"2022-10-18 19:27:32"
316;50000;"NFTS";3;8;8.37;7.0;84;488.1;169.52;318.58;34.7;"2022-10-18 19:27:42"
317;50000;"NFTS";2;8;8.37;6.96;83;488.1;169.52;318.58;34.7;"2022-10-18 19:27:52"
318;50000;"NFTS";3;8;8.37;6.96;83;488.1;169.52;318.58;34.7;"2022-10-18 19:28:02"
319;50000;"NFTS";2;8;8.37;6.96;83;488.1;169.52;318.58;34.7;"2022-10-18 19:28:12"
320;50000;"NFTS";4;8;8.37;6.97;83;488.1;169.52;318.58;34.7;"2022-10-18 19:28:22"
321;50000;"NFTS";2;8;8.37;6.97;83;488.1;169.52;318.58;34.7;"2022-10-18 19:28:32"
322;50000;"NFTS";4;8;8.37;7.01;84;488.1;169.52;318.58;34.7;"2022-10-18 19:28:42"
323;50000;"NFTS";3;8;8.37;7.05;84;488.1;169.52;318.58;34.7;"2022-10-18 19:28:52"
324;50000;"NFTS";3;8;8.37;7.05;84;488.1;169.52;318.58;34.7;"2022-10-18 19:29:02"
325;50000;"NFTS";2;8;8.37;7.05;84;488.1;169.52;318.58;34.7;"2022-10-18 19:29:12"
326;50000;"NFTS";3;8;8.37;7.06;84;488.1;169.52;318.58;34.7;"2022-10-18 19:29:22"
327;50000;"NFTS";2;8;8.37;7.06;84;488.1;169.52;318.58;34.7;"2022-10-18 19:29:32"
328;50000;"NFTS";3;8;8.37;7.06;84;488.1;169.52;318.58;34.7;"2022-10-18 19:29:42"
329;50000;"NFTS";2;8;8.37;7.06;84;488.1;169.52;318.58;34.7;"2022-10-18 19:29:52"
330;50000;"NFTS";3;8;8.37;7.06;84;488.1;169.52;318.58;34.7;"2022-10-18 19:30:02"
331;50000;"NFTS";2;8;8.37;7.06;84;488.1;169.52;318.58;34.7;"2022-10-18 19:30:12"
332;50000;"NFTS";2;8;8.37;7.06;84;488.1;169.52;318.58;34.7;"2022-10-18 19:30:22"
333;50000;"NFTS";3;8;8.37;7.06;84;488.1;169.52;318.58;34.7;"2022-10-18 19:30:32"
334;50000;"NFTS";3;8;8.37;7.06;84;488.1;169.52;318.58;34.7;"2022-10-18 19:30:42"
335;50000;"NFTS";3;8;8.37;7.06;84;488.1;169.52;318.58;34.7;"2022-10-18 19:30:52"
336;50000;"NFTS";2;8;8.37;7.06;84;488.1;169.52;318.58;34.7;"2022-10-18 19:31:02"
337;50000;"NFTS";4;8;8.37;7.06;84;488.1;169.52;318.58;34.7;"2022-10-18 19:31:12"
338;50000;"NFTS";3;8;8.37;7.07;84;488.1;169.52;318.58;34.7;"2022-10-18 19:31:22"
339;50000;"NFTS";1;8;8.37;7.07;85;488.1;169.52;318.58;34.7;"2022-10-18 19:31:32"
340;50000;"NFTS";2;8;8.37;7.07;85;488.1;169.52;318.58;34.7;"2022-10-18 19:31:42"
341;50000;"NFTS";3;8;8.37;7.07;85;488.1;169.52;318.58;34.7;"2022-10-18 19:31:52"
342;50000;"NFTS";3;8;8.37;7.08;85;488.1;169.52;318.58;34.7;"2022-10-18 19:32:02"
343;50000;"NFTS";4;8;8.37;7.07;85;488.1;169.52;318.57;34.7;"2022-10-18 19:32:13"
344;50000;"NFTS";1;8;8.37;7.09;85;488.1;169.52;318.57;34.7;"2022-10-18 19:32:23"
345;50000;"NFTS";4;8;8.37;7.07;84;488.1;169.52;318.58;34.7;"2022-10-18 19:32:33"
346;50000;"NFTS";2;8;8.37;7.07;84;488.1;169.52;318.58;34.7;"2022-10-18 19:32:43"
347;50000;"NFTS";3;8;8.37;7.07;84;488.1;169.52;318.58;34.7;"2022-10-18 19:32:53"
348;50000;"NFTS";2;8;8.37;7.06;84;488.1;169.52;318.58;34.7;"2022-10-18 19:33:03"
349;50000;"NFTS";14;8;8.37;7.31;87;488.1;169.52;318.58;34.7;"2022-10-18 19:33:13"
350;50000;"NFTS";7;8;8.37;7.21;86;488.1;169.52;318.58;34.7;"2022-10-18 19:33:23"
351;50000;"NFTS";4;8;8.37;7.15;85;488.1;169.52;318.58;34.7;"2022-10-18 19:33:33"
352;50000;"NFTS";4;8;8.37;7.14;85;488.1;169.52;318.58;34.7;"2022-10-18 19:33:43"
353;50000;"NFTS";8;8;8.37;7.2;86;488.1;169.52;318.58;34.7;"2022-10-18 19:33:53"
354;50000;"NFTS";3;8;8.37;7.2;86;488.1;169.52;318.58;34.7;"2022-10-18 19:34:03"
355;50000;"NFTS";3;8;8.37;7.2;86;488.1;169.52;318.58;34.7;"2022-10-18 19:34:13"
356;50000;"NFTS";4;8;8.37;7.11;85;488.1;169.52;318.58;34.7;"2022-10-18 19:34:23"
357;50000;"NFTS";3;8;8.37;7.13;85;488.1;169.52;318.58;34.7;"2022-10-18 19:34:33"
358;50000;"NFTS";3;8;8.37;7.14;85;488.1;169.52;318.58;34.7;"2022-10-18 19:34:43"
359;50000;"NFTS";3;8;8.37;7.14;85;488.1;169.52;318.58;34.7;"2022-10-18 19:34:53"
360;50000;"NFTS";2;8;8.37;7.14;85;488.1;169.52;318.58;34.7;"2022-10-18 19:35:03"
361;50000;"NFTS";3;8;8.37;7.14;85;488.1;169.52;318.58;34.7;"2022-10-18 19:35:13"
362;50000;"NFTS";3;8;8.37;7.14;85;488.1;169.52;318.58;34.7;"2022-10-18 19:35:23"
363;50000;"NFTS";4;8;8.37;7.12;85;488.1;169.52;318.58;34.7;"2022-10-18 19:35:33"
364;50000;"NFTS";3;8;8.37;7.14;85;488.1;169.52;318.58;34.7;"2022-10-18 19:35:43"
365;50000;"NFTS";3;8;8.37;7.12;85;488.1;169.52;318.58;34.7;"2022-10-18 19:35:53"
366;50000;"NFTS";2;8;8.37;7.12;85;488.1;169.52;318.58;34.7;"2022-10-18 19:36:03"
367;50000;"NFTS";3;8;8.37;7.12;85;488.1;169.52;318.58;34.7;"2022-10-18 19:36:13"
368;50000;"NFTS";3;8;8.37;7.11;85;488.1;169.52;318.58;34.7;"2022-10-18 19:36:23"
369;50000;"NFTS";3;8;8.37;7.08;85;488.1;169.52;318.58;34.7;"2022-10-18 19:36:33"
370;50000;"NFTS";3;8;8.37;7.09;85;488.1;169.52;318.58;34.7;"2022-10-18 19:36:43"
371;50000;"NFTS";4;8;8.37;7.09;85;488.1;169.52;318.58;34.7;"2022-10-18 19:36:54"
372;50000;"NFTS";3;8;8.37;7.09;85;488.1;169.52;318.58;34.7;"2022-10-18 19:37:04"
373;50000;"NFTS";3;8;8.37;7.09;85;488.1;169.52;318.58;34.7;"2022-10-18 19:37:14"
374;50000;"NFTS";4;8;8.37;7.09;85;488.1;169.52;318.58;34.7;"2022-10-18 19:37:24"
375;50000;"NFTS";3;8;8.37;7.09;85;488.1;169.52;318.58;34.7;"2022-10-18 19:37:34"
376;50000;"NFTS";7;8;8.37;7.19;86;488.1;169.52;318.57;34.7;"2022-10-18 19:37:44"
377;50000;"NFTS";12;8;8.37;7.11;85;488.1;169.52;318.57;34.7;"2022-10-18 19:37:54"
378;50000;"NFTS";14;8;8.37;7.01;84;488.1;169.53;318.57;34.7;"2022-10-18 19:38:04"
379;50000;"NFTS";10;8;8.37;6.95;83;488.1;169.53;318.57;34.7;"2022-10-18 19:38:14"
380;50000;"NFTS";5;8;8.37;6.96;83;488.1;169.53;318.57;34.7;"2022-10-18 19:38:24"
381;50000;"NFTS";5;8;8.37;6.97;83;488.1;169.53;318.57;34.7;"2022-10-18 19:38:34"
382;50000;"NFTS";5;8;8.37;6.93;83;488.1;169.53;318.57;34.7;"2022-10-18 19:38:44"
383;50000;"NFTS";10;8;8.37;7.33;88;488.1;169.53;318.57;34.7;"2022-10-18 19:38:54"
384;50000;"NFTS";17;8;8.37;7.11;85;488.1;169.53;318.57;34.7;"2022-10-18 19:39:04"
385;50000;"NFTS";4;8;8.37;6.95;83;488.1;169.53;318.57;34.7;"2022-10-18 19:39:14"
386;50000;"NFTS";3;8;8.37;6.96;83;488.1;169.53;318.57;34.7;"2022-10-18 19:39:24"
387;50000;"NFTS";3;8;8.37;6.94;83;488.1;169.53;318.57;34.7;"2022-10-18 19:39:34"
388;50000;"NFTS";3;8;8.37;6.94;83;488.1;169.53;318.57;34.7;"2022-10-18 19:39:44"
389;50000;"NFTS";4;8;8.37;6.93;83;488.1;169.53;318.57;34.7;"2022-10-18 19:39:54"
390;50000;"NFTS";2;8;8.37;6.9;82;488.1;169.53;318.57;34.7;"2022-10-18 19:40:04"
391;50000;"NFTS";3;8;8.37;6.92;83;488.1;169.53;318.57;34.7;"2022-10-18 19:40:14"
392;50000;"NFTS";2;8;8.37;6.91;83;488.1;169.53;318.57;34.7;"2022-10-18 19:40:24"
393;50000;"NFTS";4;8;8.37;6.9;82;488.1;169.53;318.57;34.7;"2022-10-18 19:40:34"
394;50000;"NFTS";2;8;8.37;6.89;82;488.1;169.53;318.57;34.7;"2022-10-18 19:40:44"
395;50000;"NFTS";5;8;8.37;6.89;82;488.1;169.53;318.57;34.7;"2022-10-18 19:40:54"
396;50000;"NFTS";3;8;8.37;6.88;82;488.1;169.53;318.57;34.7;"2022-10-18 19:41:04"
397;50000;"NFTS";3;8;8.37;6.88;82;488.1;169.53;318.57;34.7;"2022-10-18 19:41:14"
398;50000;"NFTS";3;8;8.37;6.9;82;488.1;169.53;318.57;34.7;"2022-10-18 19:41:24"
399;50000;"NFTS";2;8;8.37;6.89;82;488.1;169.53;318.57;34.7;"2022-10-18 19:41:34"
400;50000;"NFTS";2;8;8.37;6.89;82;488.1;169.53;318.57;34.7;"2022-10-18 19:41:45"
401;50000;"NFTS";8;8;8.37;6.9;82;488.1;169.53;318.57;34.7;"2022-10-18 19:41:55"
402;50000;"NFTS";18;8;8.37;7.13;85;488.1;169.53;318.57;34.7;"2022-10-18 19:42:05"
403;50000;"NFTS";15;8;8.37;7.33;88;488.1;169.53;318.57;34.7;"2022-10-18 19:42:15"
404;50000;"NFTS";6;8;8.37;7.11;85;488.1;169.53;318.57;34.7;"2022-10-18 19:42:25"
405;50000;"NFTS";9;8;8.37;7.07;84;488.1;169.53;318.56;34.7;"2022-10-18 19:42:35"
406;50000;"NFTS";8;8;8.37;7.07;84;488.1;169.53;318.56;34.7;"2022-10-18 19:42:45"
407;50000;"NFTS";12;8;8.37;7.2;86;488.1;169.53;318.56;34.7;"2022-10-18 19:42:55"
408;50000;"NFTS";22;8;8.37;7.33;88;488.1;169.54;318.55;34.7;"2022-10-18 19:43:05"
409;50000;"NFTS";11;8;8.37;7.41;89;488.1;169.55;318.55;34.7;"2022-10-18 19:43:15"
410;50000;"NFTS";14;8;8.37;7.33;88;488.1;169.84;318.26;34.8;"2022-10-18 19:43:25"
411;50000;"NFTS";27;8;8.37;7.78;93;488.1;169.94;318.16;34.8;"2022-10-18 19:43:35"
412;50000;"NFTS";12;8;8.37;7.6;91;488.1;169.93;318.17;34.8;"2022-10-18 19:43:45"
413;50000;"NFTS";7;8;8.37;7.57;90;488.1;169.96;318.14;34.8;"2022-10-18 19:43:55"
414;50000;"NFTS";11;8;8.37;7.52;90;488.1;169.96;318.14;34.8;"2022-10-18 19:44:05"
415;50000;"NFTS";9;8;8.37;7.44;89;488.1;169.96;318.14;34.8;"2022-10-18 19:44:15"
416;50000;"NFTS";12;8;8.37;7.61;91;488.1;169.96;318.14;34.8;"2022-10-18 19:44:25"
417;50000;"NFTS";13;8;8.37;7.65;91;488.1;169.96;318.13;34.8;"2022-10-18 19:44:35"
418;50000;"NFTS";20;8;8.37;7.67;92;488.1;169.96;318.13;34.8;"2022-10-18 19:44:45"
419;50000;"NFTS";14;8;8.37;7.7;92;488.1;169.96;318.13;34.8;"2022-10-18 19:44:55"
420;50000;"NFTS";5;8;8.37;7.47;89;488.1;169.96;318.13;34.8;"2022-10-18 19:45:05"
421;50000;"NFTS";4;8;8.37;7.45;89;488.1;169.96;318.13;34.8;"2022-10-18 19:45:15"
422;50000;"NFTS";4;8;8.37;7.41;89;488.1;169.96;318.13;34.8;"2022-10-18 19:45:25"
423;50000;"NFTS";5;8;8.37;7.44;89;488.1;169.96;318.13;34.8;"2022-10-18 19:45:35"
424;50000;"NFTS";13;8;8.37;7.44;89;488.1;169.94;318.15;34.8;"2022-10-18 19:45:45"
425;50000;"NFTS";9;8;8.37;7.22;86;488.1;169.94;318.15;34.8;"2022-10-18 19:45:55"
426;50000;"NFTS";6;8;8.37;7.18;86;488.1;169.94;318.15;34.8;"2022-10-18 19:46:05"
427;50000;"NFTS";4;8;8.37;7.18;86;488.1;169.94;318.15;34.8;"2022-10-18 19:46:15"
428;50000;"NFTS";4;8;8.37;7.15;85;488.1;169.94;318.15;34.8;"2022-10-18 19:46:25"
429;50000;"NFTS";3;8;8.37;7.15;85;488.1;169.94;318.15;34.8;"2022-10-18 19:46:36"
430;50000;"NFTS";4;8;8.37;7.15;85;488.1;169.94;318.15;34.8;"2022-10-18 19:46:46"
431;50000;"NFTS";4;8;8.37;7.15;85;488.1;169.94;318.15;34.8;"2022-10-18 19:46:56"
432;50000;"NFTS";4;8;8.37;7.17;86;488.1;169.94;318.15;34.8;"2022-10-18 19:47:06"
433;50000;"NFTS";5;8;8.37;7.17;86;488.1;169.94;318.15;34.8;"2022-10-18 19:47:16"
434;50000;"NFTS";4;8;8.37;7.16;86;488.1;169.94;318.15;34.8;"2022-10-18 19:47:26"
435;50000;"NFTS";4;8;8.37;7.16;86;488.1;169.94;318.15;34.8;"2022-10-18 19:47:36"
436;50000;"NFTS";5;8;8.37;7.17;86;488.1;169.94;318.15;34.8;"2022-10-18 19:47:46"
437;50000;"NFTS";5;8;8.37;7.09;85;488.1;169.94;318.15;34.8;"2022-10-18 19:47:56"
438;50000;"NFTS";5;8;8.37;7.1;85;488.1;169.94;318.15;34.8;"2022-10-18 19:48:06"
439;50000;"NFTS";5;8;8.37;7.1;85;488.1;169.94;318.15;34.8;"2022-10-18 19:48:16"
440;50000;"NFTS";4;8;8.37;7.09;85;488.1;169.94;318.15;34.8;"2022-10-18 19:48:26"
441;50000;"NFTS";5;8;8.37;7.08;85;488.1;169.94;318.15;34.8;"2022-10-18 19:48:36"
442;50000;"NFTS";5;8;8.37;7.09;85;488.1;169.94;318.15;34.8;"2022-10-18 19:48:46"
443;50000;"NFTS";10;8;8.37;7.15;85;488.1;169.94;318.15;34.8;"2022-10-18 19:48:56"
444;50000;"NFTS";4;8;8.37;7.15;85;488.1;169.94;318.15;34.8;"2022-10-18 19:49:06"
445;50000;"NFTS";6;8;8.37;7.09;85;488.1;169.94;318.15;34.8;"2022-10-18 19:49:16"
446;50000;"NFTS";5;8;8.37;7.09;85;488.1;169.94;318.15;34.8;"2022-10-18 19:49:26"
447;50000;"NFTS";5;8;8.37;7.11;85;488.1;169.94;318.15;34.8;"2022-10-18 19:49:36"
448;50000;"NFTS";5;8;8.37;7.09;85;488.1;169.94;318.15;34.8;"2022-10-18 19:49:46"
449;50000;"NFTS";5;8;8.37;7.11;85;488.1;169.94;318.15;34.8;"2022-10-18 19:49:56"
450;50000;"NFTS";6;8;8.37;7.11;85;488.1;169.94;318.15;34.8;"2022-10-18 19:50:06"
451;50000;"NFTS";5;8;8.37;7.11;85;488.1;169.94;318.15;34.8;"2022-10-18 19:50:16"
452;50000;"NFTS";6;8;8.37;7.11;85;488.1;169.94;318.15;34.8;"2022-10-18 19:50:26"
453;50000;"NFTS";6;8;8.37;7.11;85;488.1;169.94;318.15;34.8;"2022-10-18 19:50:36"
454;50000;"NFTS";6;8;8.37;7.13;85;488.1;169.94;318.15;34.8;"2022-10-18 19:50:46"
455;50000;"NFTS";6;8;8.37;7.1;85;488.1;169.94;318.15;34.8;"2022-10-18 19:50:56"
456;50000;"NFTS";6;8;8.37;7.11;85;488.1;169.94;318.15;34.8;"2022-10-18 19:51:07"
457;50000;"NFTS";9;8;8.37;7.24;86;488.1;169.95;318.15;34.8;"2022-10-18 19:51:17"
458;50000;"NFTS";12;8;8.37;7.36;88;488.1;169.95;318.15;34.8;"2022-10-18 19:51:27"
459;50000;"NFTS";18;8;8.37;7.42;89;488.1;169.95;318.15;34.8;"2022-10-18 19:51:37"
460;50000;"NFTS";17;8;8.37;7.39;88;488.1;169.95;318.15;34.8;"2022-10-18 19:51:47"
461;50000;"NFTS";13;8;8.37;7.25;87;488.1;169.95;318.15;34.8;"2022-10-18 19:51:57"
462;50000;"NFTS";17;8;8.37;7.29;87;488.1;169.95;318.15;34.8;"2022-10-18 19:52:07"
463;50000;"NFTS";16;8;8.37;7.22;86;488.1;169.95;318.14;34.8;"2022-10-18 19:52:17"
464;50000;"NFTS";7;8;8.37;7.22;86;488.1;169.95;318.14;34.8;"2022-10-18 19:52:27"
465;50000;"NFTS";7;8;8.37;7.23;86;488.1;169.95;318.14;34.8;"2022-10-18 19:52:37"
466;50000;"NFTS";6;8;8.37;7.2;86;488.1;169.95;318.14;34.8;"2022-10-18 19:52:47"
467;50000;"NFTS";7;8;8.37;7.13;85;488.1;169.95;318.14;34.8;"2022-10-18 19:52:57"
468;50000;"NFTS";8;8;8.37;7.14;85;488.1;169.95;318.14;34.8;"2022-10-18 19:53:07"
469;50000;"NFTS";6;8;8.37;7.09;85;488.1;169.95;318.14;34.8;"2022-10-18 19:53:17"
470;50000;"NFTS";6;8;8.37;7.08;85;488.1;169.95;318.14;34.8;"2022-10-18 19:53:27"
471;50000;"NFTS";6;8;8.37;7.09;85;488.1;169.95;318.14;34.8;"2022-10-18 19:53:37"
472;50000;"NFTS";7;8;8.37;7.05;84;488.1;169.96;318.14;34.8;"2022-10-18 19:53:47"
473;50000;"NFTS";6;8;8.37;7.05;84;488.1;169.96;318.14;34.8;"2022-10-18 19:53:57"
474;50000;"NFTS";6;8;8.37;7.05;84;488.1;169.96;318.14;34.8;"2022-10-18 19:54:07"
475;50000;"NFTS";5;8;8.37;7.05;84;488.1;169.96;318.14;34.8;"2022-10-18 19:54:17"
476;50000;"NFTS";7;8;8.37;7.04;84;488.1;169.96;318.14;34.8;"2022-10-18 19:54:27"
477;50000;"NFTS";7;8;8.37;7.03;84;488.1;169.95;318.14;34.8;"2022-10-18 19:54:37"
478;50000;"NFTS";7;8;8.37;7.04;84;488.1;169.95;318.14;34.8;"2022-10-18 19:54:47"
479;50000;"NFTS";6;8;8.37;7.05;84;488.1;169.95;318.14;34.8;"2022-10-18 19:54:57"
480;50000;"NFTS";6;8;8.37;7.05;84;488.1;169.95;318.14;34.8;"2022-10-18 19:55:07"
481;50000;"NFTS";6;8;8.37;7.03;84;488.1;169.95;318.14;34.8;"2022-10-18 19:55:17"
482;50000;"NFTS";5;8;8.37;7.04;84;488.1;169.95;318.14;34.8;"2022-10-18 19:55:27"
483;50000;"NFTS";6;8;8.37;7.04;84;488.1;169.95;318.14;34.8;"2022-10-18 19:55:37"
484;50000;"NFTS";7;8;8.37;7.04;84;488.1;169.95;318.14;34.8;"2022-10-18 19:55:47"
485;50000;"NFTS";6;8;8.37;7.05;84;488.1;169.95;318.14;34.8;"2022-10-18 19:55:57"
486;50000;"NFTS";5;8;8.37;7.05;84;488.1;169.95;318.14;34.8;"2022-10-18 19:56:08"
487;50000;"NFTS";7;8;8.37;7.04;84;488.1;169.95;318.14;34.8;"2022-10-18 19:56:18"
488;50000;"NFTS";7;8;8.37;7.04;84;488.1;169.95;318.14;34.8;"2022-10-18 19:56:28"
489;50000;"NFTS";6;8;8.37;7.06;84;488.1;169.96;318.14;34.8;"2022-10-18 19:56:38"
490;50000;"NFTS";4;8;8.37;7.05;84;488.1;169.96;318.14;34.8;"2022-10-18 19:56:48"
491;50000;"NFTS";3;8;8.37;7.03;84;488.1;169.96;318.14;34.8;"2022-10-18 19:56:58"
492;50000;"NFTS";4;8;8.37;7.03;84;488.1;169.96;318.14;34.8;"2022-10-18 19:57:08"
493;50000;"NFTS";3;8;8.37;7.02;84;488.1;169.96;318.14;34.8;"2022-10-18 19:57:18"
494;50000;"NFTS";3;8;8.37;7.02;84;488.1;169.96;318.14;34.8;"2022-10-18 19:57:28"
495;50000;"NFTS";3;8;8.37;7.02;84;488.1;169.96;318.14;34.8;"2022-10-18 19:57:38"
496;50000;"NFTS";3;8;8.37;7.02;84;488.1;169.96;318.14;34.8;"2022-10-18 19:57:48"
497;50000;"NFTS";4;8;8.37;6.96;83;488.1;169.96;318.14;34.8;"2022-10-18 19:57:58"
498;50000;"NFTS";4;8;8.37;6.97;83;488.1;169.96;318.14;34.8;"2022-10-18 19:58:08"
499;50000;"NFTS";4;8;8.37;6.97;83;488.1;169.96;318.14;34.8;"2022-10-18 19:58:18"
500;50000;"NFTS";5;8;8.37;6.98;83;488.1;169.96;318.14;34.8;"2022-10-18 19:58:28"
